City_ID,City,Country,Date,Lat,Lng,Max Temp,Humidity,Cloudiness,Wind Speed,Weather Description
0,Punta Arenas,CL,2021-06-20 20:56:41,-53.15,-70.9167,41.11,75,0,13.8,clear sky
1,Geraldton,AU,2021-06-20 21:00:59,-28.7667,114.6,54.01,71,75,17.27,broken clouds
2,Dikson,RU,2021-06-20 21:00:59,73.5069,80.5464,31.69,86,1,4.85,clear sky
3,La Reforma,MX,2021-06-20 21:01:00,25.0833,-108.05,91.15,62,88,16.08,overcast clouds
4,Marsa Matruh,EG,2021-06-20 21:01:00,31.3525,27.2453,73.47,80,0,7.23,clear sky
5,Amahai,ID,2021-06-20 21:01:00,-3.3333,128.9167,75.76,87,91,3.18,overcast clouds
6,Norman Wells,CA,2021-06-20 21:01:01,65.282,-126.8329,75.06,33,100,9.46,overcast clouds
7,Lompoc,US,2021-06-20 21:01:01,34.6391,-120.4579,95.02,72,9,7.0,clear sky
8,Busselton,AU,2021-06-20 21:01:02,-33.65,115.3333,49.08,74,99,20.56,overcast clouds
9,Mineralnyye Vody,RU,2021-06-20 21:01:02,44.2103,43.1353,68.09,73,4,6.71,clear sky
10,Talcahuano,CL,2021-06-20 21:01:02,-36.7167,-73.1167,53.83,75,100,13.42,overcast clouds
11,Kodiak,US,2021-06-20 21:01:03,57.79,-152.4072,47.71,93,90,13.8,light rain
12,Ushuaia,AR,2021-06-20 21:01:03,-54.8,-68.3,35.62,82,100,10.71,overcast clouds
13,Fortuna,US,2021-06-20 21:01:03,40.5982,-124.1573,101.48,63,1,3.0,clear sky
14,Gazalkent,UZ,2021-06-20 21:01:04,41.5581,69.7708,66.56,28,0,6.29,clear sky
15,Kaitangata,NZ,2021-06-20 21:01:04,-46.2817,169.8464,39.43,92,11,3.58,few clouds
16,Svetlyy,RU,2021-06-20 21:01:04,54.675,20.1347,73.45,87,1,7.43,clear sky
17,Albany,US,2021-06-20 20:58:39,42.6001,-73.9662,85.91,57,16,6.51,few clouds
18,Gorin,RU,2021-06-20 21:01:05,51.1983,136.6669,59.63,60,52,1.28,broken clouds
19,Berdigestyakh,RU,2021-06-20 21:01:05,62.0989,126.6992,71.83,55,17,2.82,few clouds
20,Vaini,TO,2021-06-20 21:01:06,-21.2,-175.2,75.09,74,43,5.41,scattered clouds
21,Coihaique,CL,2021-06-20 21:01:06,-45.5752,-72.0662,38.46,93,100,3.65,overcast clouds
22,Arraial Do Cabo,BR,2021-06-20 21:01:06,-22.9661,-42.0278,72.63,78,79,13.11,broken clouds
23,Kedrovyy,RU,2021-06-20 21:01:07,56.1667,91.8167,46.81,97,100,8.23,overcast clouds
24,Manokwari,ID,2021-06-20 21:00:05,-0.8667,134.0833,77.45,75,100,2.64,overcast clouds
25,Airai,TL,2021-06-20 21:01:07,-8.9266,125.4092,55.17,90,29,3.36,scattered clouds
26,Hithadhoo,MV,2021-06-20 21:01:08,-0.6,73.0833,83.17,73,100,11.41,overcast clouds
27,Sibolga,ID,2021-06-20 21:01:08,1.7427,98.7792,74.55,87,86,4.07,overcast clouds
28,Ancud,CL,2021-06-20 21:01:08,-41.8697,-73.8203,47.23,75,78,13.73,broken clouds
29,Hailar,CN,2021-06-20 21:01:09,49.2,119.7,52.95,91,96,5.44,overcast clouds
30,Mayo,US,2021-06-20 21:01:09,38.8876,-76.5119,93.38,55,88,1.01,overcast clouds
31,Klaksvik,FO,2021-06-20 21:01:09,62.2266,-6.589,47.32,77,50,5.39,scattered clouds
32,Yellowknife,CA,2021-06-20 21:01:10,62.456,-114.3525,57.56,44,0,13.0,clear sky
33,Vila Franca Do Campo,PT,2021-06-20 21:01:10,37.7167,-25.4333,66.61,75,10,8.97,clear sky
34,Pacific Grove,US,2021-06-20 20:57:40,36.6177,-121.9166,93.15,77,42,5.01,scattered clouds
35,Mataura,NZ,2021-06-20 21:01:10,-46.1927,168.8643,36.0,98,38,2.3,scattered clouds
36,Waingapu,ID,2021-06-20 21:01:11,-9.6567,120.2641,75.88,88,24,7.31,few clouds
37,Bluff,NZ,2021-06-20 21:01:11,-46.6,168.3333,42.31,85,10,5.39,clear sky
38,Hermanus,ZA,2021-06-20 21:01:11,-34.4187,19.2345,66.09,51,95,8.16,overcast clouds
39,Hoquiam,US,2021-06-20 21:01:12,46.9809,-123.8893,84.92,39,1,10.36,clear sky
40,Ozernovskiy,RU,2021-06-20 21:01:12,51.5,156.5167,46.13,80,100,4.88,overcast clouds
41,Hilo,US,2021-06-20 21:01:00,19.7297,-155.09,80.8,75,100,5.99,overcast clouds
42,Ponta Do Sol,PT,2021-06-20 21:01:12,32.6667,-17.1,70.72,72,50,5.88,scattered clouds
43,Kamennomostskiy,RU,2021-06-20 21:01:13,44.2983,40.1856,68.95,95,0,3.38,clear sky
44,Zyryanka,RU,2021-06-20 21:01:13,65.75,150.85,58.75,56,24,14.99,few clouds
45,San Patricio,US,2021-06-20 21:01:14,28.017,-97.5169,93.29,60,96,20.33,overcast clouds
46,Bodden Town,KY,2021-06-20 21:01:14,19.2833,-81.25,89.6,31,20,6.91,few clouds
47,Georgetown,MY,2021-06-20 21:01:14,5.4112,100.3354,78.89,86,20,3.44,few clouds
48,Durban,ZA,2021-06-20 20:57:46,-29.8579,31.0292,64.02,83,0,4.0,clear sky
49,Avera,US,2021-06-20 21:01:15,33.194,-82.5271,78.85,92,100,14.92,light rain
50,Isangel,VU,2021-06-20 21:01:15,-19.55,169.2667,76.64,74,100,4.41,overcast clouds
51,Tecpatan,MX,2021-06-20 21:01:15,17.1333,-93.3,84.97,70,99,1.54,overcast clouds
52,Castro,BR,2021-06-20 21:01:16,-24.7911,-50.0119,52.86,85,59,3.56,broken clouds
53,Baherden,TM,2021-06-20 21:01:16,38.4362,57.4316,74.64,15,0,4.5,clear sky
54,New Norfolk,AU,2021-06-20 21:01:16,-42.7826,147.0587,38.71,91,33,2.66,scattered clouds
55,Hami,CN,2021-06-20 21:01:17,42.8,93.45,75.85,36,22,20.58,few clouds
56,Rikitea,PF,2021-06-20 21:01:17,-23.1203,-134.9692,75.38,79,7,19.1,clear sky
57,Ahuacatlan,MX,2021-06-20 21:01:17,21.05,-104.4833,81.95,65,84,8.01,broken clouds
58,Turukhansk,RU,2021-06-20 21:01:18,65.8167,87.9833,45.07,91,100,7.31,overcast clouds
59,Bredasdorp,ZA,2021-06-20 21:01:18,-34.5322,20.0403,62.96,47,86,5.61,overcast clouds
60,Saint-Pierre,RE,2021-06-20 21:01:19,-21.3393,55.4781,69.44,80,90,10.36,light rain
61,Avarua,CK,2021-06-20 21:01:19,-21.2078,-159.775,72.73,68,98,14.67,overcast clouds
62,Atuona,PF,2021-06-20 21:01:19,-9.8,-139.0333,79.32,75,16,17.45,few clouds
63,Jamestown,US,2021-06-20 21:01:20,42.097,-79.2353,81.07,72,39,8.77,scattered clouds
64,Faanui,PF,2021-06-20 21:01:20,-16.4833,-151.75,80.04,72,10,4.56,clear sky
65,Namibe,AO,2021-06-20 21:01:20,-15.1961,12.1522,66.78,82,0,5.79,clear sky
66,Calvia,ES,2021-06-20 21:01:21,39.5657,2.5062,73.92,57,15,10.4,few clouds
67,Vardo,NO,2021-06-20 21:01:21,70.3705,31.1107,48.4,93,75,4.61,broken clouds
68,Gorebridge,GB,2021-06-20 21:01:21,55.8459,-3.0456,56.88,88,84,6.78,light rain
69,Barra,BR,2021-06-20 21:01:22,-11.0894,-43.1417,79.7,44,2,4.43,clear sky
70,Quatre Cocos,MU,2021-06-20 21:01:22,-20.2078,57.7625,67.08,60,94,20.2,overcast clouds
71,General Roca,AR,2021-06-20 21:01:22,-39.0333,-67.5833,51.19,51,96,7.02,overcast clouds
72,Komsomolskiy,UZ,2021-06-20 21:01:23,40.4272,71.7189,71.96,29,60,4.83,broken clouds
73,Mount Isa,AU,2021-06-20 21:01:23,-20.7333,139.5,51.57,50,0,6.91,clear sky
74,Manggar,ID,2021-06-20 21:01:23,-2.8833,108.2667,78.06,84,77,5.88,broken clouds
75,Sitka,US,2021-06-20 21:01:24,57.0531,-135.33,58.23,86,100,4.81,light rain
76,Puerto Rondon,CO,2021-06-20 21:01:24,6.2805,-71.1,74.77,94,100,6.62,moderate rain
77,Port Elizabeth,ZA,2021-06-20 21:01:24,-33.918,25.5701,70.11,39,20,5.75,few clouds
78,Mapiri,BO,2021-06-20 21:01:25,-15.25,-68.1667,76.98,65,64,3.2,broken clouds
79,Nagram,IN,2021-06-20 21:01:25,26.6167,81.1333,78.85,78,100,0.43,overcast clouds
80,Chipinge,ZW,2021-06-20 21:01:25,-20.1883,32.6236,53.87,96,100,2.21,light rain
81,Itoman,JP,2021-06-20 21:01:26,26.1247,127.6694,81.37,94,75,2.3,broken clouds
82,Bonfim,BR,2021-06-20 21:01:26,3.0833,-59.95,84.45,68,97,2.75,overcast clouds
83,Longyearbyen,SJ,2021-06-20 21:01:26,78.2186,15.6401,39.04,75,75,19.57,broken clouds
84,Tuktoyaktuk,CA,2021-06-20 21:01:27,69.4541,-133.0374,45.01,73,28,8.34,scattered clouds
85,Tasiilaq,GL,2021-06-20 21:01:27,65.6145,-37.6368,41.16,62,100,6.35,overcast clouds
86,Trairi,BR,2021-06-20 21:01:08,-3.2778,-39.2689,78.76,74,82,11.23,broken clouds
87,Buraydah,SA,2021-06-20 21:01:28,26.326,43.975,87.37,8,0,9.48,clear sky
88,Oranjemund,NA,2021-06-20 21:01:28,-28.55,16.4333,70.7,34,0,4.85,clear sky
89,Sao Filipe,CV,2021-06-20 21:01:28,14.8961,-24.4956,72.52,77,1,10.56,clear sky
90,Clarksburg,US,2021-06-20 21:00:56,39.2807,-80.3445,91.51,57,92,7.81,overcast clouds
91,Butaritari,KI,2021-06-20 21:01:29,3.0707,172.7902,81.07,76,20,7.52,light rain
92,Daru,PG,2021-06-20 21:01:29,-9.0763,143.2092,77.0,85,90,15.59,overcast clouds
93,Port Alfred,ZA,2021-06-20 21:01:29,-33.5906,26.891,71.51,37,70,11.43,broken clouds
94,Tsybli,UA,2021-06-20 21:01:30,49.9948,31.5628,69.93,87,76,10.87,broken clouds
95,Lebu,CL,2021-06-20 21:01:30,-37.6167,-73.65,53.08,76,100,16.62,overcast clouds
96,Mehamn,NO,2021-06-20 21:01:30,71.0357,27.8492,46.35,82,37,6.62,scattered clouds
97,Palmares,BR,2021-06-20 21:01:30,-8.6833,-35.5917,73.15,91,18,2.95,few clouds
98,Hobart,AU,2021-06-20 21:00:08,-42.8794,147.3294,42.03,94,20,1.99,few clouds
99,Sarankhola,BD,2021-06-20 21:01:31,22.3082,89.7897,77.2,91,59,0.54,broken clouds
100,Key West,US,2021-06-20 21:01:31,24.5557,-81.7826,88.0,73,100,3.02,overcast clouds
101,Paramirim,BR,2021-06-20 21:01:32,-13.4425,-42.2389,75.29,52,2,10.83,clear sky
102,Pangnirtung,CA,2021-06-20 21:01:32,66.1451,-65.7125,44.91,69,100,5.7,overcast clouds
103,Hengshui,CN,2021-06-20 21:01:32,37.7322,115.7011,78.37,25,62,9.1,broken clouds
104,Saskylakh,RU,2021-06-20 21:01:33,71.9167,114.0833,77.79,37,13,5.84,few clouds
105,Dunda,TZ,2021-06-20 21:01:33,-8.1167,34.25,60.75,58,44,2.44,scattered clouds
106,Dingle,PH,2021-06-20 21:01:33,10.9995,122.6711,76.41,89,100,5.66,moderate rain
107,Qaanaaq,GL,2021-06-20 21:01:34,77.484,-69.3632,39.42,60,11,3.36,few clouds
108,Pochutla,MX,2021-06-20 21:01:34,15.7432,-96.4661,89.82,68,97,6.87,overcast clouds
109,Codrington,AU,2021-06-20 21:01:34,-38.2667,141.9667,41.47,91,1,6.85,clear sky
110,Melo,UY,2021-06-20 21:01:35,-32.3667,-54.1833,52.02,85,100,5.61,overcast clouds
111,Alcudia,ES,2021-06-20 21:01:35,39.8532,3.1214,75.2,72,39,10.89,scattered clouds
112,Gat,IL,2021-06-20 21:01:35,31.61,34.7642,74.8,100,0,2.68,clear sky
113,Miri,MY,2021-06-20 21:00:24,4.4148,114.0089,76.98,87,100,5.03,overcast clouds
114,Puerto Ayora,EC,2021-06-20 21:01:36,-0.7393,-90.3518,76.55,81,50,8.99,scattered clouds
115,Lingdong,CN,2021-06-20 21:01:36,46.5669,131.1453,54.66,80,89,2.13,overcast clouds
116,Yerbogachen,RU,2021-06-20 21:01:36,61.2767,108.0108,59.2,78,39,1.83,scattered clouds
117,Mattru,SL,2021-06-20 21:01:37,7.6244,-11.8332,73.96,97,100,3.67,moderate rain
118,Ribeira Grande,PT,2021-06-20 21:01:37,38.5167,-28.7,66.49,72,4,15.95,clear sky
119,Tautira,PF,2021-06-20 21:01:37,-17.7333,-149.15,78.82,78,35,10.45,scattered clouds
120,Khadyzhensk,RU,2021-06-20 21:01:38,44.4256,39.5319,69.35,94,0,1.52,clear sky
121,Villamontes,BO,2021-06-20 21:01:38,-21.25,-63.5,64.0,51,100,3.53,overcast clouds
122,Talnakh,RU,2021-06-20 21:01:38,69.4865,88.3972,44.73,98,100,9.08,moderate rain
123,Botou,CN,2021-06-20 21:01:39,38.0667,116.5667,77.11,32,20,8.25,few clouds
124,Spirit River,CA,2021-06-20 21:01:39,55.7833,-118.8361,72.75,42,2,3.24,clear sky
125,Upernavik,GL,2021-06-20 21:01:39,72.7868,-56.1549,36.18,73,26,9.51,scattered clouds
126,Huarmey,PE,2021-06-20 21:01:40,-10.0681,-78.1522,68.58,79,100,11.27,overcast clouds
127,Kahului,US,2021-06-20 21:01:40,20.8947,-156.47,82.98,78,69,10.0,broken clouds
128,Novoaleksandrovsk,RU,2021-06-20 21:01:40,45.4948,41.2207,72.21,61,31,14.25,scattered clouds
129,Perth,AU,2021-06-20 20:58:45,-31.9333,115.8333,48.85,94,75,12.66,light rain
130,Yichang,CN,2021-06-20 21:01:41,30.7144,111.2847,69.37,62,96,3.22,light rain
131,Zhob,PK,2021-06-20 21:01:41,31.3411,69.4481,77.18,38,51,3.0,broken clouds
132,Ocala,US,2021-06-20 21:00:15,29.1872,-82.1401,90.0,72,40,1.01,scattered clouds
133,Mahebourg,MU,2021-06-20 21:01:42,-20.4081,57.7,67.24,58,74,19.08,broken clouds
134,Grand-Santi,GF,2021-06-20 21:01:42,4.25,-54.3833,78.76,81,100,2.66,moderate rain
135,Souillac,MU,2021-06-20 21:01:42,-20.5167,57.5167,67.35,58,92,18.23,overcast clouds
136,Zhanakorgan,KZ,2021-06-20 21:01:43,43.9098,67.2495,68.14,20,0,5.28,clear sky
137,Kieta,PG,2021-06-20 21:01:43,-6.2167,155.6333,79.79,82,53,3.33,broken clouds
138,Mitsamiouli,KM,2021-06-20 21:01:43,-11.3847,43.2844,77.38,71,60,13.42,broken clouds
139,Katsuura,JP,2021-06-20 21:01:44,35.1333,140.3,72.19,81,81,7.61,broken clouds
140,Batsfjord,NO,2021-06-20 21:01:44,70.6345,29.7185,48.42,81,20,3.44,few clouds
141,Kumylzhenskaya,RU,2021-06-20 21:01:44,49.8809,42.5898,68.79,55,100,10.83,overcast clouds
142,Portland,US,2021-06-20 20:57:38,45.5234,-122.6762,92.5,45,0,1.99,clear sky
143,Iracoubo,GF,2021-06-20 21:01:45,5.4802,-53.2011,80.67,76,46,6.06,scattered clouds
144,Thompson,CA,2021-06-20 21:00:12,55.7435,-97.8558,47.3,48,100,13.2,overcast clouds
145,Sambava,MG,2021-06-20 21:01:46,-14.2667,50.1667,71.33,83,38,16.53,light rain
146,Khatanga,RU,2021-06-20 21:01:46,71.9667,102.5,66.49,61,94,10.4,overcast clouds
147,Northam,GB,2021-06-20 21:01:46,51.0333,-4.2167,60.66,89,100,14.0,overcast clouds
148,Big Bend,SZ,2021-06-20 21:01:47,-26.8167,31.9333,58.82,95,0,2.37,clear sky
149,Tibati,CM,2021-06-20 21:01:47,6.4667,12.6333,67.44,93,55,1.92,light rain
150,Cape Town,ZA,2021-06-20 20:58:44,-33.9258,18.4232,70.09,13,0,9.22,clear sky
151,Bethel,US,2021-06-20 21:01:48,41.3712,-73.414,87.4,66,70,4.76,broken clouds
152,East London,ZA,2021-06-20 21:01:48,-33.0153,27.9116,70.21,35,8,7.36,clear sky
153,Chuy,UY,2021-06-20 21:01:48,-33.6971,-53.4616,49.28,84,39,5.91,scattered clouds
154,Amiens,FR,2021-06-20 21:01:49,49.9,2.3,67.06,95,99,5.79,overcast clouds
155,Touros,BR,2021-06-20 21:01:49,-5.1989,-35.4608,77.9,77,65,10.6,broken clouds
156,Yeppoon,AU,2021-06-20 21:01:49,-23.1333,150.7333,44.38,80,0,5.3,clear sky
157,Sharjah,AE,2021-06-20 21:01:50,25.3573,55.4033,89.76,49,0,9.75,clear sky
158,Hamilton,US,2021-06-20 20:57:02,39.1834,-84.5333,89.2,65,90,1.01,overcast clouds
159,Razole,IN,2021-06-20 21:01:50,16.4833,81.8333,83.64,77,100,5.77,overcast clouds
160,Adrar,MR,2021-06-20 21:01:51,20.5022,-10.0711,93.6,12,73,13.49,broken clouds
161,Richards Bay,ZA,2021-06-20 21:01:51,-28.783,32.0377,64.58,74,0,10.58,clear sky
162,Haldibari,IN,2021-06-20 21:01:51,26.3333,88.7667,76.06,97,89,4.52,overcast clouds
163,Guerrero Negro,MX,2021-06-20 21:01:52,27.9769,-114.0611,74.64,58,10,11.7,clear sky
164,Lata,PT,2021-06-20 21:01:52,40.1629,-8.3327,61.92,86,100,6.51,overcast clouds
165,Rawson,AR,2021-06-20 21:01:53,-43.3002,-65.1023,47.75,53,21,10.65,few clouds
166,Saint George,US,2021-06-20 21:00:13,37.1041,-113.5841,111.67,10,6,8.01,clear sky
167,Ahipara,NZ,2021-06-20 21:01:53,-35.1667,173.1667,58.14,87,66,22.03,broken clouds
168,Broome,US,2021-06-20 21:01:53,42.2506,-75.833,85.17,64,53,1.99,broken clouds
169,Tskaltubo,GE,2021-06-20 21:01:54,42.3254,42.5979,65.34,88,0,3.44,clear sky
170,Ankang,CN,2021-06-20 21:01:54,32.68,109.0172,64.51,73,89,0.76,overcast clouds
171,Inverell,AU,2021-06-20 20:59:33,-29.7833,151.1167,42.15,89,14,3.0,few clouds
172,Flinders,AU,2021-06-20 21:01:55,-34.5833,150.8552,52.21,93,98,9.15,overcast clouds
173,Corinto,GR,2021-06-20 21:01:55,37.9407,22.9573,80.76,69,8,3.2,clear sky
174,Upington,ZA,2021-06-20 21:01:55,-28.4478,21.2561,60.24,42,0,7.65,clear sky
175,Westport,US,2021-06-20 20:59:17,41.1415,-73.3579,89.06,68,52,1.01,broken clouds
176,Dilla,ET,2021-06-20 21:01:56,6.41,38.31,60.51,93,100,2.48,light rain
177,Pevek,RU,2021-06-20 21:01:56,69.7008,170.3133,42.75,74,23,5.41,few clouds
178,Aksu,CN,2021-06-20 21:01:57,41.1231,80.2644,69.37,40,68,2.44,broken clouds
179,Urengoy,RU,2021-06-20 21:01:57,65.9667,78.3667,42.6,71,36,8.77,scattered clouds
180,Husavik,IS,2021-06-20 21:01:57,66.0449,-17.3389,46.4,65,15,4.03,few clouds
181,Eyrarbakki,IS,2021-06-20 21:01:58,63.863,-21.1481,50.2,69,7,15.77,clear sky
182,Ketchikan,US,2021-06-20 21:01:58,55.3422,-131.6461,63.48,72,100,5.53,overcast clouds
183,Iquitos,PE,2021-06-20 21:01:58,-3.7481,-73.2472,82.98,72,56,1.99,moderate rain
184,Fairbanks,US,2021-06-20 21:00:00,64.8378,-147.7164,70.48,52,45,1.99,scattered clouds
185,Constitucion,CL,2021-06-20 21:01:59,-35.3333,-72.4167,54.41,70,100,9.4,overcast clouds
186,Myitkyina,MM,2021-06-20 21:01:59,25.3833,97.4,74.43,98,93,0.63,overcast clouds
187,Alugan,PH,2021-06-20 21:02:00,12.2188,125.4808,77.72,87,100,6.04,overcast clouds
188,Torquay,GB,2021-06-20 21:02:00,50.4638,-3.5143,61.86,90,100,5.99,overcast clouds
189,Moose Factory,CA,2021-06-20 21:02:00,51.2585,-80.6094,70.39,54,98,3.91,overcast clouds
190,Antsohihy,MG,2021-06-20 21:02:01,-14.8796,47.9875,71.44,60,21,11.3,few clouds
191,Port Blair,IN,2021-06-20 21:02:01,11.6667,92.75,82.69,78,53,12.48,broken clouds
192,Barrow,US,2021-06-20 21:02:01,71.2906,-156.7887,35.62,80,90,9.22,mist
193,Tessalit,ML,2021-06-20 21:02:01,20.1986,1.0114,96.82,11,73,5.03,broken clouds
194,Aklavik,CA,2021-06-20 21:02:02,68.2191,-135.0107,76.21,27,17,6.58,few clouds
195,Gao,ML,2021-06-20 21:02:02,16.6362,1.637,93.04,25,54,10.04,broken clouds
196,Takoradi,GH,2021-06-20 21:02:03,4.8845,-1.7554,76.69,88,100,10.47,moderate rain
197,Sur,OM,2021-06-20 21:02:03,22.5667,59.5289,86.77,62,30,13.06,scattered clouds
198,Rundu,NA,2021-06-20 21:02:03,-17.9333,19.7667,57.33,41,0,9.26,clear sky
199,Rocha,UY,2021-06-20 21:02:04,-34.4833,-54.3333,45.14,83,4,3.85,clear sky
200,Linxia,CN,2021-06-20 21:02:04,35.6003,103.2064,56.25,56,75,3.67,broken clouds
201,Talca,CL,2021-06-20 21:02:04,-35.4333,-71.6667,57.15,62,100,3.27,overcast clouds
202,Keffi,NG,2021-06-20 21:02:05,8.8486,7.8736,75.67,88,81,3.31,moderate rain
203,San Vicente,AR,2021-06-20 21:02:05,-26.6167,-54.1333,52.09,91,45,2.86,scattered clouds
204,Batagay,RU,2021-06-20 21:02:06,67.6333,134.6333,72.12,41,92,5.61,overcast clouds
205,Nizhniy Kuranakh,RU,2021-06-20 21:02:06,58.8353,125.4869,67.42,79,59,1.28,broken clouds
206,Mar Del Plata,AR,2021-06-20 20:59:22,-38.0023,-57.5575,55.42,65,75,3.0,broken clouds
207,Tazovskiy,RU,2021-06-20 21:02:06,67.4667,78.7,41.4,73,100,10.47,overcast clouds
208,Liuli,TZ,2021-06-20 21:02:07,-11.0833,34.6333,69.87,62,4,7.74,clear sky
209,Mpika,ZM,2021-06-20 21:02:07,-11.8343,31.4529,53.4,69,2,7.45,clear sky
210,Isla Vista,US,2021-06-20 21:02:07,34.4133,-119.861,96.12,72,75,9.22,broken clouds
211,Skjervoy,NO,2021-06-20 21:02:08,70.0311,20.9714,48.2,81,20,3.98,few clouds
212,Kavieng,PG,2021-06-20 21:02:08,-2.5744,150.7967,82.15,75,99,12.66,overcast clouds
213,Nikolskoye,RU,2021-06-20 21:02:08,59.7035,30.7861,75.09,70,0,4.16,clear sky
214,Majene,ID,2021-06-20 21:02:09,-3.5403,118.9707,76.05,88,100,4.12,light rain
215,Ust-Tsilma,RU,2021-06-20 21:02:09,65.441,52.1498,48.92,64,93,6.02,overcast clouds
216,Riyadh,SA,2021-06-20 21:00:11,24.6877,46.7219,88.59,8,0,8.32,clear sky
217,Biggar,GB,2021-06-20 20:59:48,55.6167,-3.5167,56.73,95,89,3.2,overcast clouds
218,Bonthe,SL,2021-06-20 21:02:10,7.5264,-12.505,76.84,90,100,14.99,moderate rain
219,Sisimiut,GL,2021-06-20 21:02:10,66.9395,-53.6735,37.74,79,79,2.44,broken clouds
220,Cidreira,BR,2021-06-20 21:02:10,-30.1811,-50.2056,59.4,91,74,3.2,broken clouds
221,Danes,RO,2021-06-20 21:02:11,46.2167,24.7,63.66,92,100,1.74,overcast clouds
222,Oistins,BB,2021-06-20 21:02:11,13.0667,-59.5333,81.3,73,13,16.62,few clouds
223,Prince Rupert,CA,2021-06-20 21:02:12,54.3161,-130.3201,61.27,73,100,4.21,overcast clouds
224,Hopfgarten,DE,2021-06-20 21:02:12,50.9833,11.2667,73.08,77,100,4.7,overcast clouds
225,Ialibu,PG,2021-06-20 21:02:12,-6.2821,143.9935,54.19,95,77,2.19,broken clouds
226,Wanxian,CN,2021-06-20 21:02:13,30.8039,108.3897,70.7,81,99,2.35,overcast clouds
227,Sorong,ID,2021-06-20 21:02:13,-0.8833,131.25,79.07,85,100,8.52,overcast clouds
228,Praia Da Vitoria,PT,2021-06-20 21:02:13,38.7333,-27.0667,66.76,73,7,12.33,clear sky
229,Iqaluit,CA,2021-06-20 21:02:14,63.7506,-68.5145,38.7,73,100,11.99,overcast clouds
230,Griffith,US,2021-06-20 21:02:14,41.5284,-87.4237,84.81,69,1,4.61,clear sky
231,Cockburn Town,TC,2021-06-20 21:01:35,21.4612,-71.1419,81.01,87,57,19.17,broken clouds
232,Sakakah,SA,2021-06-20 21:02:14,29.9697,40.2064,88.5,12,0,9.01,clear sky
233,Samarai,PG,2021-06-20 21:02:15,-10.6167,150.6667,78.67,85,44,13.94,scattered clouds
234,Kalmunai,LK,2021-06-20 21:02:15,7.4167,81.8167,80.02,78,18,2.19,few clouds
235,Starkville,US,2021-06-20 21:01:51,33.4504,-88.8184,90.91,57,1,5.75,clear sky
236,Saint-Philippe,RE,2021-06-20 21:02:15,-21.3585,55.7679,69.35,68,96,13.15,overcast clouds
237,Makum,IN,2021-06-20 21:02:16,27.5,95.45,75.04,98,71,2.21,broken clouds
238,Kostomuksha,RU,2021-06-20 21:02:16,64.571,30.5767,60.03,96,82,4.9,broken clouds
239,George Town,MY,2021-06-20 21:01:14,5.4112,100.3354,78.89,86,20,3.44,few clouds
240,Nusaybin,TR,2021-06-20 21:00:20,37.0778,41.2178,80.29,24,0,6.44,clear sky
241,Police,PL,2021-06-20 21:02:17,53.5521,14.5718,73.8,82,70,1.01,broken clouds
242,Chokurdakh,RU,2021-06-20 21:02:17,70.6333,147.9167,60.15,46,2,10.16,clear sky
243,Mount Gambier,AU,2021-06-20 21:02:17,-37.8333,140.7667,40.5,94,0,4.76,clear sky
244,Yuancheng,CN,2021-06-20 21:02:18,36.652,107.7896,68.14,40,73,1.83,broken clouds
245,Scottsboro,US,2021-06-20 21:02:18,34.6723,-86.0341,90.86,58,75,8.05,broken clouds
246,Beringovskiy,RU,2021-06-20 21:02:18,63.05,179.3167,42.51,82,100,5.32,overcast clouds
247,Marzuq,YE,2021-06-20 21:02:19,14.4,46.4667,78.19,44,98,4.97,overcast clouds
248,Fairview,US,2021-06-20 21:00:12,40.8126,-73.999,90.61,57,1,0.0,clear sky
249,Yelizovo,RU,2021-06-20 21:02:19,53.1873,158.3805,51.94,62,75,15.66,broken clouds
250,Yumen,CN,2021-06-20 21:02:19,40.2833,97.2,70.59,21,2,8.57,clear sky
251,Paciran,ID,2021-06-20 21:02:20,-6.8767,112.3761,76.78,82,88,5.48,overcast clouds
252,Kyzyl-Suu,KG,2021-06-20 21:02:20,42.3414,78.0056,51.48,50,0,7.67,clear sky
253,Merke,KZ,2021-06-20 21:02:20,42.8728,73.1786,57.63,41,19,3.96,few clouds
254,Tanout,NE,2021-06-20 21:02:21,14.9709,8.8879,89.31,36,95,6.11,overcast clouds
255,Kavaratti,IN,2021-06-20 21:02:21,10.5669,72.642,82.72,75,83,19.66,broken clouds
256,Yanji,CN,2021-06-20 21:02:21,42.9075,129.5078,54.03,98,100,3.2,overcast clouds
257,Japura,ID,2021-06-20 21:02:22,-0.3167,102.35,72.55,89,89,1.86,overcast clouds
258,Catuday,PH,2021-06-20 21:02:22,16.2923,119.8062,81.7,79,100,13.38,overcast clouds
259,Leningradskiy,RU,2021-06-20 21:02:22,69.3833,178.4167,44.11,79,23,9.82,few clouds
260,Bengkulu,ID,2021-06-20 21:02:23,-3.8004,102.2655,73.87,88,85,4.23,overcast clouds
261,Anadyr,RU,2021-06-20 21:02:23,64.75,177.4833,57.7,67,40,11.18,scattered clouds
262,Christchurch,NZ,2021-06-20 21:02:00,-43.5333,172.6333,48.99,96,75,1.99,mist
263,Taldan,RU,2021-06-20 21:02:24,53.6667,124.8,58.93,80,96,3.69,overcast clouds
264,Freeport,US,2021-06-20 21:00:14,40.6576,-73.5832,91.33,68,4,1.99,clear sky
265,Te Anau,NZ,2021-06-20 21:02:24,-45.4167,167.7167,37.33,97,60,1.74,broken clouds
266,Victoria,HK,2021-06-20 21:01:27,22.2855,114.1577,86.97,88,99,1.01,overcast clouds
267,Belmonte,BR,2021-06-20 21:02:24,-15.8631,-38.8828,75.7,76,14,5.44,few clouds
268,Chaiya,TH,2021-06-20 21:02:25,9.3862,99.1986,77.36,87,89,5.5,overcast clouds
269,Lasa,IT,2021-06-20 21:02:25,46.6166,10.7002,71.51,82,83,4.61,broken clouds
270,Bolshoy Lug,RU,2021-06-20 21:02:26,52.0779,104.0919,53.78,81,27,5.66,scattered clouds
271,Luderitz,NA,2021-06-20 21:02:26,-26.6481,15.1594,69.4,36,0,3.53,clear sky
272,Severo-Kurilsk,RU,2021-06-20 21:02:26,50.6789,156.125,45.93,80,100,5.97,overcast clouds
273,Shenjiamen,CN,2021-06-20 21:02:27,29.9576,122.298,71.19,76,100,4.52,overcast clouds
274,Coolum Beach,AU,2021-06-20 21:02:27,-26.5333,153.1,56.1,82,17,8.9,few clouds
275,Bereda,ES,2021-06-20 21:02:27,43.2686,-7.5406,57.42,100,100,8.63,overcast clouds
276,Fitiai,GR,2021-06-20 21:02:28,38.7,21.1833,68.74,78,0,1.79,clear sky
277,Margate,GB,2021-06-20 21:00:10,51.3813,1.3862,58.96,93,69,5.99,broken clouds
278,Vila Velha,BR,2021-06-20 21:02:21,-20.3297,-40.2925,79.97,55,0,11.68,clear sky
279,Ostashkov,RU,2021-06-20 21:02:28,57.1467,33.1075,67.8,81,8,3.98,clear sky
280,Esperance,AU,2021-06-20 21:02:29,-33.8667,121.9,52.99,77,100,3.4,light rain
281,Lorengau,PG,2021-06-20 21:02:29,-2.0226,147.2712,79.92,82,97,8.3,overcast clouds
282,Taraz,KZ,2021-06-20 21:02:29,42.9,71.3667,55.81,41,1,8.95,clear sky
283,Chimore,BO,2021-06-20 21:02:30,-16.9833,-65.1333,73.51,62,6,2.53,clear sky
284,Nantucket,US,2021-06-20 21:01:59,41.2835,-70.0995,81.97,79,1,13.8,clear sky
285,Halifax,CA,2021-06-20 20:57:59,44.6453,-63.5724,80.53,51,22,1.99,few clouds
286,Half Moon Bay,US,2021-06-20 21:02:30,37.4636,-122.4286,96.93,63,75,1.01,broken clouds
287,Hasaki,JP,2021-06-20 21:02:30,35.7333,140.8333,64.8,81,100,7.52,light rain
288,Vaitape,PF,2021-06-20 21:02:31,-16.5167,-151.75,80.01,72,10,4.47,clear sky
289,Pisco,PE,2021-06-20 21:02:31,-13.7,-76.2167,65.01,84,99,9.31,overcast clouds
290,Kirakira,SB,2021-06-20 21:02:31,-10.4544,161.9205,79.0,79,100,4.81,overcast clouds
291,Labuhan,ID,2021-06-20 21:02:32,-6.8844,112.2051,76.82,83,96,5.14,moderate rain
292,Poso,ID,2021-06-20 21:02:32,-1.3959,120.7524,75.07,82,36,3.49,scattered clouds
293,Straumen,NO,2021-06-20 21:02:32,63.8709,11.2999,60.8,86,100,4.56,overcast clouds
294,Henties Bay,NA,2021-06-20 21:02:33,-22.116,14.2845,67.86,40,0,6.22,clear sky
295,Wagar,SD,2021-06-20 21:02:33,16.1525,36.2032,89.29,43,99,10.98,overcast clouds
296,Biritiba-Mirim,BR,2021-06-20 21:02:33,-23.5698,-46.0407,62.35,95,98,7.49,overcast clouds
297,Biak,ID,2021-06-20 21:02:34,-0.9131,122.8766,75.2,83,84,4.05,broken clouds
298,Hualmay,PE,2021-06-20 21:02:34,-11.0964,-77.6139,66.92,80,100,11.16,overcast clouds
299,Vynohradove,UA,2021-06-20 21:02:34,46.3696,32.9398,68.65,90,3,5.68,clear sky
300,Tiksi,RU,2021-06-20 21:02:35,71.6872,128.8694,55.4,59,78,3.98,broken clouds
301,Tabas,IR,2021-06-20 21:02:10,33.5959,56.9244,83.35,14,0,5.53,clear sky
302,Jiangyou,CN,2021-06-20 21:02:35,31.7667,104.7167,67.77,85,86,2.39,overcast clouds
303,Nanortalik,GL,2021-06-20 21:02:36,60.1432,-45.2371,42.08,98,100,3.15,light rain
304,Kruisfontein,ZA,2021-06-20 21:02:36,-34.0033,24.7314,67.89,31,7,8.88,clear sky
305,Alofi,NU,2021-06-20 21:00:31,-19.0595,-169.9187,74.57,67,59,7.81,broken clouds
306,Uhlove,UA,2021-06-20 21:02:36,44.8215,33.6045,67.59,88,39,0.65,scattered clouds
307,Pontal Do Parana,BR,2021-06-20 21:02:37,-25.6533,-48.5128,65.73,88,4,5.48,clear sky
308,Yoichi,JP,2021-06-20 21:01:37,43.2039,140.7703,58.23,94,99,1.61,overcast clouds
309,Asyut,EG,2021-06-20 21:02:37,27.181,31.1837,86.22,20,0,2.93,clear sky
310,Tarakan,ID,2021-06-20 21:02:38,3.3,117.6333,78.33,84,100,5.64,moderate rain
311,Astara,AZ,2021-06-20 21:02:38,38.5,48.6667,70.34,51,10,2.57,clear sky
312,Minna,NG,2021-06-20 21:02:38,9.6139,6.5569,76.12,89,100,3.83,light rain
313,Carnarvon,AU,2021-06-20 21:02:38,-24.8667,113.6333,64.04,64,100,23.89,overcast clouds
314,Ishigaki,JP,2021-06-20 21:02:39,24.3448,124.1572,84.25,81,100,4.88,overcast clouds
315,Tukrah,LY,2021-06-20 21:02:39,32.5341,20.5791,74.12,73,0,4.7,clear sky
316,Freital,DE,2021-06-20 21:02:39,51.0017,13.6488,75.78,68,0,4.61,clear sky
317,Yenagoa,NG,2021-06-20 21:02:40,4.9247,6.2642,74.77,95,100,5.64,overcast clouds
318,Beira,MZ,2021-06-20 21:02:40,-19.8436,34.8389,67.8,86,30,8.7,light rain
319,Fayaoue,NC,2021-06-20 21:02:40,-20.65,166.5333,73.6,68,100,7.72,overcast clouds
320,Ban Phai,TH,2021-06-20 21:02:41,16.06,102.731,82.98,67,25,12.59,scattered clouds
321,Jalu,LY,2021-06-20 21:02:41,29.0331,21.5482,80.6,39,0,10.96,clear sky
322,Usinsk,RU,2021-06-20 21:02:41,65.9939,57.5281,43.11,71,96,6.93,overcast clouds
323,Barquisimeto,VE,2021-06-20 21:02:42,10.0739,-69.3228,80.6,62,100,10.92,overcast clouds
324,Tonj,SS,2021-06-20 21:02:42,7.2737,28.6822,70.32,92,100,2.77,overcast clouds
325,Grindavik,IS,2021-06-20 21:02:42,63.8424,-22.4338,48.67,76,40,13.8,scattered clouds
326,Zhigansk,RU,2021-06-20 21:02:43,66.7697,123.3711,71.74,48,56,4.14,broken clouds
327,Punto Fijo,VE,2021-06-20 21:02:43,11.6956,-70.1996,83.73,70,100,31.74,overcast clouds
328,Bako,ET,2021-06-20 21:02:43,5.7833,36.5667,61.74,83,99,4.32,light rain
329,Deputatskiy,RU,2021-06-20 21:02:44,69.3,139.9,59.72,45,2,7.52,clear sky
330,Peniche,PT,2021-06-20 21:02:44,39.3558,-9.3811,65.62,84,100,14.52,overcast clouds
331,Sabha,LY,2021-06-20 21:02:44,27.0377,14.4283,88.45,16,0,11.25,clear sky
332,Timmins,CA,2021-06-20 21:01:10,48.4669,-81.3331,69.26,55,100,5.44,overcast clouds
333,Smithers,CA,2021-06-20 21:00:06,54.7804,-127.1743,78.06,28,96,1.52,overcast clouds
334,Luanda,AO,2021-06-20 20:59:24,-8.8368,13.2343,77.0,78,75,10.36,broken clouds
335,Roma,US,2021-06-20 21:02:45,43.2128,-75.4557,84.94,52,75,1.01,broken clouds
336,Cabo San Lucas,MX,2021-06-20 21:00:16,22.8909,-109.9124,90.61,77,88,13.73,overcast clouds
337,San Policarpo,PH,2021-06-20 21:02:46,12.1791,125.5072,78.51,85,100,6.38,overcast clouds
338,Abaza,RU,2021-06-20 21:02:46,52.655,90.0928,47.57,92,100,4.29,light rain
339,Wufeng,CN,2021-06-20 21:02:46,27.45,104.8333,59.23,80,100,1.12,overcast clouds
340,Nyaunglebin,MM,2021-06-20 21:02:47,17.95,96.7333,74.88,94,58,3.47,broken clouds
341,Oriximina,BR,2021-06-20 21:02:47,-1.7656,-55.8661,78.76,89,20,4.21,few clouds
342,Broken Hill,AU,2021-06-20 21:02:48,-31.95,141.4333,43.32,78,0,6.58,clear sky
343,Fildu De Jos,RO,2021-06-20 21:02:48,46.9333,23.0667,63.39,86,50,3.36,scattered clouds
344,Meadow Lake,US,2021-06-20 21:02:48,34.8014,-106.5436,100.24,11,23,22.12,few clouds
345,Wenling,CN,2021-06-20 21:02:49,28.3669,121.36,70.92,94,100,7.63,overcast clouds
346,Eten,PE,2021-06-20 21:01:30,-6.9081,-79.8642,69.96,80,94,15.05,overcast clouds
347,Ulaanbaatar,MN,2021-06-20 21:02:49,47.9077,106.8832,59.13,55,0,2.24,clear sky
348,Valparaiso,CL,2021-06-20 21:02:49,-33.0393,-71.6273,58.64,75,40,5.75,scattered clouds
349,Antigonish,CA,2021-06-20 21:00:13,45.6169,-61.9986,78.15,65,36,6.33,scattered clouds
350,Farafangana,MG,2021-06-20 21:02:50,-22.8167,47.8333,68.63,75,98,12.95,overcast clouds
351,Ponazyrevo,RU,2021-06-20 21:02:51,58.3578,46.3142,71.01,71,59,5.44,broken clouds
352,Lagoa,PT,2021-06-20 21:02:51,39.05,-27.9833,64.69,72,3,12.86,clear sky
353,Fuglebjerg,DK,2021-06-20 21:02:51,55.306,11.5477,61.56,94,4,7.61,clear sky
354,Tobane,BW,2021-06-20 21:02:51,-21.95,27.9,57.15,58,75,4.79,broken clouds
355,Port Shepstone,ZA,2021-06-20 21:02:52,-30.7414,30.455,64.94,52,0,7.87,clear sky
356,Bilibino,RU,2021-06-20 21:02:52,68.0546,166.4372,61.47,39,9,6.46,clear sky
357,Hobyo,SO,2021-06-20 21:02:53,5.3505,48.5268,76.78,81,100,28.1,overcast clouds
358,Dubrovytsya,UA,2021-06-20 21:02:53,51.5744,26.565,67.12,84,90,5.5,overcast clouds
359,Saldanha,ZA,2021-06-20 21:02:53,-33.0117,17.9442,65.26,51,46,13.0,scattered clouds
360,Kapaa,US,2021-06-20 21:02:53,22.0752,-159.319,82.38,77,67,1.99,broken clouds
361,Tommot,RU,2021-06-20 21:02:54,58.9564,126.2925,66.65,82,16,1.03,few clouds
362,Caconda,AO,2021-06-20 21:02:54,-13.7333,15.0667,55.15,40,3,3.69,clear sky
363,Blackwater,AU,2021-06-20 21:02:54,-23.5833,148.8833,50.81,75,0,3.91,clear sky
364,Galesong,ID,2021-06-20 21:02:55,-5.3166,119.3661,73.42,82,88,4.07,overcast clouds
365,Rio Grande,BR,2021-06-20 21:02:55,-32.035,-52.0986,54.95,89,100,14.07,overcast clouds
366,Hutang,CN,2021-06-20 21:02:55,31.5333,119.4833,69.51,83,96,4.03,light rain
367,Nara,JP,2021-06-20 21:02:56,34.6851,135.8049,68.7,75,57,1.48,broken clouds
368,Nouadhibou,MR,2021-06-20 21:02:56,20.931,-17.0347,67.24,81,0,23.69,clear sky
369,Playas,EC,2021-06-20 21:02:56,-2.6333,-80.3833,73.99,82,100,12.71,overcast clouds
370,Aljezur,PT,2021-06-20 21:02:57,37.3191,-8.8033,59.95,90,0,6.69,clear sky
371,Clyde River,CA,2021-06-20 21:02:57,70.4692,-68.5914,36.7,90,67,6.6,broken clouds
372,Tiznit,MA,2021-06-20 21:02:57,29.5833,-9.5,59.83,79,24,4.79,few clouds
373,Wakkanai,JP,2021-06-20 21:02:58,45.4094,141.6739,49.33,82,99,17.78,overcast clouds
374,Puerto Carreno,CO,2021-06-20 21:02:58,6.189,-67.4859,86.9,63,76,6.64,broken clouds
375,Puerto Baquerizo Moreno,EC,2021-06-20 21:02:58,-0.9,-89.6,73.45,80,94,13.22,overcast clouds
376,Sao Geraldo Do Araguaia,BR,2021-06-20 21:02:59,-6.4006,-48.555,81.41,60,37,1.74,scattered clouds
377,Poum,NC,2021-06-20 21:02:59,-20.2333,164.0167,72.19,67,99,9.89,overcast clouds
378,Borovskoy,KZ,2021-06-20 21:02:59,53.8,64.15,54.07,39,9,16.28,clear sky
379,Cururupu,BR,2021-06-20 21:03:00,-1.8283,-44.8683,75.45,93,20,4.54,few clouds
380,Omsukchan,RU,2021-06-20 21:03:00,62.5333,155.8,47.7,57,100,6.71,overcast clouds
381,Dalvik,IS,2021-06-20 21:03:00,65.9702,-18.5286,47.84,60,69,5.06,broken clouds
382,Novyy Svit,UA,2021-06-20 21:03:01,47.8059,38.0211,71.98,65,15,14.07,moderate rain
383,Taksimo,RU,2021-06-20 21:03:01,56.3444,114.8794,56.59,84,42,0.78,scattered clouds
384,Ellsworth,US,2021-06-20 21:03:01,44.5434,-68.4195,84.29,52,20,1.01,few clouds
385,Qaqortoq,GL,2021-06-20 21:03:02,60.7167,-46.0333,46.9,94,100,1.3,light rain
386,Coelho Neto,BR,2021-06-20 21:03:02,-4.2567,-43.0128,80.51,64,9,3.51,clear sky
387,Graaff-Reinet,ZA,2021-06-20 21:03:02,-32.2522,24.5308,64.92,36,4,8.34,clear sky
388,Guatire,VE,2021-06-20 21:03:03,10.4762,-66.5427,84.74,61,68,5.77,broken clouds
389,Moerai,PF,2021-06-20 21:03:03,-22.4333,-151.3333,75.04,69,36,19.04,scattered clouds
390,Ambilobe,MG,2021-06-20 21:03:03,-13.2,49.05,68.11,76,11,5.57,few clouds
391,Shiyan,CN,2021-06-20 21:03:04,32.6475,110.7781,65.28,62,67,4.5,broken clouds
392,Kyabe,TD,2021-06-20 21:03:04,9.4515,18.9449,80.56,57,15,2.84,light rain
393,Ostrovnoy,RU,2021-06-20 21:03:04,68.0531,39.5131,47.12,97,100,8.86,overcast clouds
394,Plouzane,FR,2021-06-20 21:03:05,48.3833,-4.6167,59.09,94,90,8.05,moderate rain
395,Lagoa Nova,BR,2021-06-20 21:03:05,-6.1,-36.4833,73.54,66,71,15.68,broken clouds
396,Kiunga,PG,2021-06-20 21:03:05,-6.1219,141.2906,71.51,98,97,2.13,overcast clouds
397,Bambous Virieux,MU,2021-06-20 21:03:06,-20.3428,57.7575,67.21,58,79,19.46,broken clouds
398,Xacmaz,AZ,2021-06-20 21:03:06,41.4635,48.806,72.75,44,0,4.81,clear sky
399,Sola,VU,2021-06-20 21:03:06,-13.8833,167.55,80.24,79,70,13.73,broken clouds
400,Kurchum,KZ,2021-06-20 21:03:07,48.5722,83.6542,49.77,61,9,8.93,clear sky
401,Goderich,CA,2021-06-20 21:00:13,43.7501,-81.7165,82.04,71,100,1.36,overcast clouds
402,Chapais,CA,2021-06-20 21:03:07,49.7834,-74.8492,67.98,58,71,7.29,broken clouds
403,Wanning,CN,2021-06-20 21:03:08,18.8003,110.3967,81.91,87,41,9.4,scattered clouds
404,Mushie,CD,2021-06-20 21:03:08,-3.0167,16.9,79.25,38,9,2.68,clear sky
405,Ilulissat,GL,2021-06-20 21:03:08,69.2167,-51.1,37.42,93,90,11.5,light rain
406,Kuching,MY,2021-06-20 21:03:09,1.55,110.3333,75.42,94,20,1.14,few clouds
407,Oksfjord,NO,2021-06-20 21:03:09,70.2396,22.3479,51.87,77,46,1.95,scattered clouds
408,Tomatlan,MX,2021-06-20 21:03:09,19.9333,-105.25,86.85,59,98,8.23,overcast clouds
409,Meulaboh,ID,2021-06-20 21:03:10,4.1363,96.1285,74.19,86,91,4.32,overcast clouds
410,Ambanja,MG,2021-06-20 21:03:10,-13.6833,48.45,68.92,78,12,3.76,few clouds
411,Mehran,IR,2021-06-20 21:03:10,33.1222,46.1646,90.14,11,0,10.92,clear sky
412,Shubarshi,KZ,2021-06-20 21:03:11,48.5872,57.1869,74.64,54,20,8.66,few clouds
413,Sao Bernardo,BR,2021-06-20 21:03:11,-3.3614,-42.4178,80.1,76,59,5.7,broken clouds
414,Kenora,CA,2021-06-20 21:03:11,49.8167,-94.4337,64.78,52,100,18.01,overcast clouds
415,Abu Samrah,SY,2021-06-20 21:03:12,35.3029,37.1841,69.37,62,0,11.16,clear sky
416,Lorsch,DE,2021-06-20 21:03:12,49.6547,8.5686,71.62,89,100,8.01,moderate rain
417,Mocoa,CO,2021-06-20 21:03:12,1.1493,-76.6466,72.19,99,96,3.22,overcast clouds
418,Cedar City,US,2021-06-20 21:00:43,37.6775,-113.0619,93.4,10,26,13.76,scattered clouds
419,Tromso,NO,2021-06-20 21:03:13,69.6496,18.957,52.45,71,0,1.01,clear sky
420,Bollnas,SE,2021-06-20 21:03:13,61.3482,16.3946,50.4,98,94,6.38,overcast clouds
421,Okha,RU,2021-06-20 21:03:13,53.5739,142.9478,47.89,74,31,10.11,scattered clouds
422,Butia,BR,2021-06-20 21:03:14,-30.1197,-51.9622,57.76,88,98,0.76,overcast clouds
423,Tecoanapa,MX,2021-06-20 21:03:14,16.5167,-98.75,84.72,68,100,7.54,overcast clouds
424,Rock Sound,BS,2021-06-20 21:03:14,24.9,-76.2,81.64,78,95,14.25,overcast clouds
425,Chizhou,CN,2021-06-20 21:03:15,30.6578,117.4831,68.92,92,94,2.26,overcast clouds
426,Veraval,IN,2021-06-20 21:03:15,20.9,70.3667,84.02,75,43,14.7,scattered clouds
427,Byron Bay,AU,2021-06-20 21:03:15,-28.65,153.6167,58.95,90,47,12.37,scattered clouds
428,Biloela,AU,2021-06-20 21:00:14,-24.4167,150.5,49.39,76,0,5.1,clear sky
429,Imbituba,BR,2021-06-20 20:58:41,-28.24,-48.6703,64.29,93,98,5.75,overcast clouds
430,Baykit,RU,2021-06-20 21:03:16,61.67,96.37,60.6,74,55,2.59,broken clouds
431,Redmond,US,2021-06-20 21:03:16,47.674,-122.1215,85.05,54,36,1.01,scattered clouds
432,Golden,US,2021-06-20 21:00:12,39.7555,-105.2211,89.56,38,90,7.0,overcast clouds
433,Maniitsoq,GL,2021-06-20 21:03:17,65.4167,-52.9,38.53,78,11,0.67,few clouds
434,Eureka,US,2021-06-20 21:03:17,40.8021,-124.1637,103.75,70,50,10.49,scattered clouds
435,Tabou,CI,2021-06-20 21:03:17,4.423,-7.3528,76.96,85,72,10.33,light rain
436,Torbay,CA,2021-06-20 21:03:18,47.6666,-52.7314,60.76,96,90,19.57,light rain
437,Emerald,AU,2021-06-20 21:03:18,-23.5333,148.1667,49.48,77,0,7.92,clear sky
438,Laguna,US,2021-06-20 21:03:18,38.421,-121.4238,109.65,19,1,5.99,clear sky
439,Manacor,ES,2021-06-20 21:03:19,39.5696,3.2096,74.34,81,66,10.94,broken clouds
440,Kapoeta,SS,2021-06-20 21:03:19,4.7717,33.5903,76.48,60,92,4.05,overcast clouds
441,Kenai,US,2021-06-20 21:03:19,60.5544,-151.2583,60.03,72,100,10.07,light rain
442,Dunedin,NZ,2021-06-20 20:59:42,-45.8742,170.5036,42.8,88,26,2.75,scattered clouds
443,Salalah,OM,2021-06-20 21:03:20,17.0151,54.0924,80.83,89,94,11.05,overcast clouds
444,Luba,GQ,2021-06-20 21:03:20,3.4568,8.5547,79.21,87,84,10.4,light rain
445,Khandbari,NP,2021-06-20 21:03:21,27.3747,87.2039,69.87,94,83,0.11,broken clouds
446,San Joaquin,US,2021-06-20 21:03:21,37.9333,-121.3011,105.98,21,1,10.36,clear sky
447,Zelenoborskiy,RU,2021-06-20 21:03:21,66.845,32.3622,53.89,96,100,3.58,overcast clouds
448,Yar-Sale,RU,2021-06-20 21:03:22,66.8333,70.8333,37.94,66,80,15.99,broken clouds
449,Hagersville,CA,2021-06-20 21:01:40,42.9668,-80.0497,85.86,66,59,10.18,broken clouds
450,Port Macquarie,AU,2021-06-20 21:03:22,-31.4333,152.9167,55.29,100,90,9.22,light rain
451,Krasnoselkup,RU,2021-06-20 21:03:22,65.7,82.4667,42.03,93,100,14.61,overcast clouds
452,Beloha,MG,2021-06-20 21:03:23,-25.1667,45.05,63.5,79,0,14.88,clear sky
453,Provideniya,RU,2021-06-20 21:03:23,64.3833,-173.3,55.51,62,0,4.47,clear sky
454,Olafsvik,IS,2021-06-20 21:03:23,64.8945,-23.7142,46.44,72,36,14.14,scattered clouds
455,Angren,UZ,2021-06-20 21:03:24,41.0167,70.1436,63.09,37,0,2.91,clear sky
456,Warmbad,NA,2021-06-20 21:03:24,-28.45,18.7333,62.67,38,0,13.78,clear sky
457,Bandarbeyla,SO,2021-06-20 21:03:24,9.4942,50.8122,76.75,80,100,30.36,overcast clouds
458,Dubuque,US,2021-06-20 21:01:54,42.4833,-90.8668,74.55,71,49,16.28,scattered clouds
459,Taitung,TW,2021-06-20 21:03:25,22.7583,121.1444,83.43,73,100,4.29,overcast clouds
460,Chimbote,PE,2021-06-20 21:03:25,-9.0853,-78.5783,67.93,81,90,11.63,overcast clouds
461,Kutum,SD,2021-06-20 21:03:26,14.2,24.6667,79.02,42,75,4.43,broken clouds
462,Druzhba,UA,2021-06-20 21:03:26,52.0428,33.9453,68.76,77,99,11.5,light rain
463,Paita,PE,2021-06-20 21:03:26,-5.0892,-81.1144,70.18,77,92,17.49,overcast clouds
464,Tura,IN,2021-06-20 21:03:27,25.5198,90.2201,72.91,98,99,5.46,overcast clouds
465,Povenets,RU,2021-06-20 21:03:27,62.8487,34.8262,65.73,70,98,6.15,overcast clouds
466,Petropavlovsk-Kamchatskiy,RU,2021-06-20 21:03:27,53.0452,158.6483,50.59,62,75,15.66,broken clouds
467,Bintulu,MY,2021-06-20 21:03:28,3.1667,113.0333,75.47,84,100,3.89,overcast clouds
468,Port-Gentil,GA,2021-06-20 21:03:28,-0.7193,8.7815,77.92,81,14,16.42,few clouds
469,Narsaq,GL,2021-06-20 21:03:11,60.9167,-46.05,46.62,95,100,2.91,light rain
470,Port Lincoln,AU,2021-06-20 21:03:28,-34.7333,135.8667,51.33,69,73,10.94,broken clouds
471,Sorland,NO,2021-06-20 21:03:29,67.667,12.6934,46.47,84,100,20.85,overcast clouds
472,Stornoway,GB,2021-06-20 21:03:29,58.2093,-6.3865,50.94,76,15,8.05,few clouds
473,Menongue,AO,2021-06-20 21:03:29,-14.6585,17.691,54.18,51,3,5.32,clear sky
474,Nsanje,MW,2021-06-20 21:03:30,-16.92,35.262,65.23,87,86,3.36,overcast clouds
475,Camalu,MX,2021-06-20 21:03:30,30.85,-116.0667,72.37,65,17,10.54,few clouds
476,Kampot,KH,2021-06-20 21:03:30,10.6167,104.1833,82.45,85,57,9.71,broken clouds
477,Tumarbong,PH,2021-06-20 21:03:31,10.3766,119.4579,78.13,86,100,2.95,heavy intensity rain
478,Ryotsu,JP,2021-06-20 21:03:31,38.0833,138.4333,62.98,79,23,0.63,few clouds
479,Chunskiy,RU,2021-06-20 21:03:31,56.0815,99.6342,57.45,79,69,2.62,broken clouds
480,Banda Aceh,ID,2021-06-20 21:03:32,5.5577,95.3222,79.25,73,100,11.72,overcast clouds
481,Nuevo Progreso,MX,2021-06-20 21:03:32,23.1667,-97.95,91.54,59,96,17.92,overcast clouds
482,San Cristobal,VE,2021-06-20 21:03:12,7.7669,-72.225,67.66,97,100,5.32,overcast clouds
483,Katangli,RU,2021-06-20 21:03:32,51.7102,143.2326,52.29,63,57,5.7,broken clouds
484,Agadez,NE,2021-06-20 21:03:33,19.75,10.25,90.99,11,0,6.64,clear sky
485,Asau,RO,2021-06-20 21:03:33,46.4333,26.4,65.32,100,74,2.39,broken clouds
486,Egvekinot,RU,2021-06-20 21:03:33,66.3167,-179.1667,56.52,43,100,4.85,overcast clouds
487,Andenes,NO,2021-06-20 21:03:10,69.3143,16.1194,46.38,93,0,12.66,clear sky
488,Chagoda,RU,2021-06-20 21:03:34,59.164,35.3285,66.79,74,0,3.71,clear sky
489,Bulawayo,ZW,2021-06-20 21:03:34,-20.15,28.5833,48.2,85,2,9.46,clear sky
490,Konya,TR,2021-06-20 21:03:34,38.1667,32.5,67.48,63,60,13.02,broken clouds
491,Barinitas,VE,2021-06-20 21:03:35,8.7622,-70.4111,81.3,66,100,4.36,overcast clouds
492,Sochaczew,PL,2021-06-20 21:03:35,52.2294,20.2384,78.3,81,0,7.85,clear sky
493,Yinchuan,CN,2021-06-20 21:03:35,38.4681,106.2731,73.99,34,4,5.59,clear sky
494,Srednekolymsk,RU,2021-06-20 21:03:36,67.45,153.6833,63.64,41,7,17.2,clear sky
495,Porto Novo,BJ,2021-06-20 21:03:36,6.4965,2.6036,77.14,89,100,10.27,light rain
496,Rochester,US,2021-06-20 20:59:30,43.1548,-77.6156,86.7,62,67,3.0,broken clouds
497,Castlemaine,AU,2021-06-20 21:03:36,-37.0667,144.2167,37.69,91,0,2.08,clear sky
498,Waipawa,NZ,2021-06-20 21:03:37,-41.4122,175.5153,53.02,93,100,21.77,overcast clouds
499,Carndonagh,IE,2021-06-20 21:03:37,55.25,-7.2667,49.64,91,100,10.18,overcast clouds
500,Williston,US,2021-06-20 21:03:37,48.147,-103.618,71.82,38,99,8.01,overcast clouds
501,Mogadishu,SO,2021-06-20 20:59:25,2.0371,45.3438,77.02,82,40,17.13,scattered clouds
502,Mangrol,IN,2021-06-20 21:03:38,21.1167,70.1167,84.4,72,89,14.81,overcast clouds
503,Birin,NP,2021-06-20 21:03:38,26.8865,88.0718,62.1,95,93,3.24,overcast clouds
504,Fort Nelson,CA,2021-06-20 21:03:39,58.8053,-122.7002,82.2,22,47,3.53,scattered clouds
505,Kasongo-Lunda,CD,2021-06-20 21:03:39,-6.4667,16.8167,70.56,45,34,0.85,scattered clouds
506,Galdar,ES,2021-06-20 21:03:39,28.147,-15.6502,68.5,85,51,11.68,broken clouds
507,Biharamulo,TZ,2021-06-20 21:03:40,-2.6319,31.3089,65.25,61,80,2.64,broken clouds
508,Ventspils,LV,2021-06-20 21:03:40,57.3894,21.5606,69.73,83,0,1.14,clear sky
509,Oskemen,KZ,2021-06-20 21:03:40,49.9565,82.6119,48.99,64,93,11.59,overcast clouds
510,Matara,LK,2021-06-20 21:02:17,5.9485,80.5353,79.12,86,33,11.97,scattered clouds
511,Klyuchevskiy,RU,2021-06-20 21:03:41,53.5317,119.4519,52.16,93,63,2.42,broken clouds
512,Ginir,ET,2021-06-20 21:03:41,7.1333,40.7,58.68,74,93,9.73,overcast clouds
513,Kichera,RU,2021-06-20 21:03:41,55.9375,110.0997,59.56,76,96,3.49,light rain
514,Port Hardy,CA,2021-06-20 21:03:42,50.6996,-127.4199,60.67,80,99,8.93,overcast clouds
515,Dusseldorf,DE,2021-06-20 21:03:42,51.2217,6.7762,74.68,66,20,5.01,few clouds
516,Tutoia,BR,2021-06-20 21:00:46,-2.7619,-42.2744,79.79,80,30,8.41,scattered clouds
517,Saint-Joseph,RE,2021-06-20 21:03:42,-21.3667,55.6167,68.36,70,76,14.09,broken clouds
518,Haines Junction,CA,2021-06-20 21:03:43,60.7522,-137.5108,62.26,50,100,8.52,overcast clouds
519,Muriae,BR,2021-06-20 21:02:37,-21.1306,-42.3664,75.42,66,49,5.23,scattered clouds
520,Adwa,ET,2021-06-20 21:03:43,14.1646,38.8955,66.51,63,100,5.46,overcast clouds
521,Monticello,US,2021-06-20 21:03:13,45.3055,-93.7941,71.82,92,90,8.05,overcast clouds
522,High Level,CA,2021-06-20 21:03:45,58.5169,-117.136,69.31,31,42,3.67,scattered clouds
523,Lamar,US,2021-06-20 21:03:45,33.6668,-95.5836,93.36,49,20,16.11,few clouds
524,Kurlovo,RU,2021-06-20 21:03:45,55.4325,40.4854,65.55,93,80,3.87,broken clouds
525,Harper,LR,2021-06-20 21:03:46,4.375,-7.7169,76.68,87,98,9.89,moderate rain
526,Joplin,US,2021-06-20 21:01:03,37.0842,-94.5133,93.07,42,33,19.8,scattered clouds
527,Vertou,FR,2021-06-20 21:03:46,47.1687,-1.4693,61.5,88,0,6.91,clear sky
528,Nouakchott,MR,2021-06-20 21:03:46,18.0858,-15.9785,76.93,66,22,22.3,few clouds
529,Snezhnogorsk,RU,2021-06-20 21:03:47,69.1933,33.2531,47.98,96,100,14.34,overcast clouds
530,Bambanglipuro,ID,2021-06-20 21:03:47,-7.95,110.2833,57.6,88,98,2.42,overcast clouds
531,Awbari,LY,2021-06-20 21:03:47,26.5921,12.7805,90.05,16,0,8.99,clear sky
532,Baft,IR,2021-06-20 21:03:48,29.234,56.6057,65.32,19,0,6.35,clear sky
533,Zlobin,HR,2021-06-20 21:03:48,45.2924,14.6541,67.62,83,0,2.3,clear sky
534,Cherskiy,RU,2021-06-20 21:03:48,68.75,161.3,65.73,36,14,12.91,few clouds
535,Windhoek,NA,2021-06-20 21:03:49,-22.5594,17.0832,56.1,55,0,3.0,clear sky
536,Hwange,ZW,2021-06-20 21:03:49,-18.3693,26.5019,61.81,49,64,3.24,broken clouds
537,Erzin,TR,2021-06-20 21:03:49,36.9559,36.2,73.0,87,2,2.75,clear sky
538,Hadrut,AZ,2021-06-20 21:03:50,39.52,47.0318,70.61,53,0,4.23,clear sky
539,Taoudenni,ML,2021-06-20 21:03:50,22.6783,-3.9836,101.79,10,0,9.95,clear sky
540,Coquimbo,CL,2021-06-20 21:03:16,-29.9533,-71.3436,58.03,62,0,4.94,clear sky
541,Pskov,RU,2021-06-20 21:03:50,57.8136,28.3496,69.71,88,0,2.24,clear sky
542,Saint Anthony,US,2021-06-20 21:03:51,45.0205,-93.218,71.65,87,90,10.36,overcast clouds
543,Hambantota,LK,2021-06-20 21:03:51,6.1241,81.1185,78.57,83,37,14.85,scattered clouds
544,Walvis Bay,NA,2021-06-20 21:03:51,-22.9575,14.5053,68.09,30,0,4.9,clear sky
545,Abu Zabad,SD,2021-06-20 21:03:52,12.35,29.25,81.99,53,88,13.02,overcast clouds
546,Nova Olinda Do Norte,BR,2021-06-20 21:03:52,-3.8881,-59.0942,80.89,75,100,0.49,overcast clouds
547,Sassandra,CI,2021-06-20 21:03:52,4.95,-6.0833,75.36,91,75,8.23,light rain
548,Bonavista,CA,2021-06-20 21:03:53,48.6499,-53.1147,52.84,98,100,13.24,light rain
549,Weligama,LK,2021-06-20 21:03:53,5.9667,80.4167,79.52,85,29,12.37,scattered clouds
550,Kurtalan,TR,2021-06-20 21:03:53,37.9272,41.7028,64.62,20,0,2.06,clear sky
551,Sobolevo,RU,2021-06-20 21:03:54,54.4299,31.8996,66.15,81,98,5.84,overcast clouds
552,Iberia,US,2021-06-20 21:03:54,29.9502,-91.7507,87.12,84,40,16.11,scattered clouds
553,Gopalpur,IN,2021-06-20 21:03:54,19.2667,84.9167,85.42,64,100,5.35,overcast clouds
554,Lokosovo,RU,2021-06-20 21:03:55,61.1333,74.8167,51.28,83,100,12.24,overcast clouds
555,Saint-Augustin,CA,2021-06-20 21:03:55,51.226,-58.6502,51.8,98,100,3.8,overcast clouds
556,Leticia,CO,2021-06-20 21:03:55,-4.2153,-69.9406,78.62,94,68,2.73,broken clouds
557,Tieli,CN,2021-06-20 21:03:55,46.95,128.05,55.26,85,40,6.82,scattered clouds
558,Tignere,CM,2021-06-20 21:03:56,7.3667,12.65,65.52,94,87,1.21,light rain
559,Atar,MR,2021-06-20 21:03:56,20.5169,-13.0499,90.86,14,2,9.6,clear sky
560,Mackay,AU,2021-06-20 21:03:56,-21.15,149.2,54.05,60,0,6.69,clear sky
561,Derzhavinsk,KZ,2021-06-20 21:03:57,51.1,66.3167,57.6,38,86,10.51,overcast clouds
562,Grand-Lahou,CI,2021-06-20 21:03:57,5.1367,-5.0242,77.45,87,98,11.7,light rain
563,Omboue,GA,2021-06-20 21:03:57,-1.5746,9.2618,75.38,85,12,9.06,few clouds
564,Jamapa,MX,2021-06-20 21:03:58,19.0333,-96.2333,91.47,57,75,5.75,broken clouds
565,Segou,ML,2021-06-20 21:03:58,13.4317,-6.2157,86.23,46,100,15.64,overcast clouds
566,Grand Gaube,MU,2021-06-20 21:03:58,-20.0064,57.6608,67.37,74,86,1.99,overcast clouds
567,Nova Olimpia,BR,2021-06-20 21:03:59,-14.7972,-57.2881,82.24,42,3,2.13,clear sky
568,Norrtalje,SE,2021-06-20 21:03:59,59.758,18.705,72.07,85,18,7.94,few clouds
569,Yangambi,CD,2021-06-20 21:03:59,0.8102,24.4336,73.65,72,98,2.91,overcast clouds
570,Homer,US,2021-06-20 21:04:00,59.6425,-151.5483,60.08,81,90,0.0,light rain
571,Buchanan,LR,2021-06-20 21:04:00,5.8808,-10.0467,76.96,93,100,9.19,moderate rain
572,Salinas,US,2021-06-20 21:04:00,36.6777,-121.6555,90.86,56,1,17.27,clear sky
573,Outjo,NA,2021-06-20 21:04:01,-20.1167,16.15,56.8,41,0,8.7,clear sky
574,Teseney,ER,2021-06-20 21:04:01,15.11,36.6575,87.12,46,90,5.3,overcast clouds
575,Comodoro Rivadavia,AR,2021-06-20 21:04:01,-45.8667,-67.5,46.54,55,57,6.69,broken clouds
576,Banjar,ID,2021-06-20 21:04:02,-8.19,114.9675,78.66,88,27,3.18,scattered clouds
577,Hofn,IS,2021-06-20 21:04:02,64.2539,-15.2082,45.7,78,10,6.87,clear sky
578,Iranshahr,IR,2021-06-20 21:04:02,27.2025,60.6848,88.47,10,0,6.04,clear sky
579,Hun,LY,2021-06-20 21:04:03,29.1268,15.9477,87.31,21,0,8.03,clear sky
580,Wawa,NG,2021-06-20 21:04:03,9.9022,4.4192,79.38,75,99,1.59,light rain
581,Taltal,CL,2021-06-20 21:04:03,-25.4,-70.4833,61.02,74,47,5.88,scattered clouds
582,Muli,MV,2021-06-20 21:04:04,2.9167,73.5667,82.8,70,46,12.77,scattered clouds
583,Zatoka,UA,2021-06-20 21:04:04,46.0725,30.4654,66.74,89,1,5.7,clear sky
584,Beipiao,CN,2021-06-20 21:04:05,41.7919,120.7792,63.72,57,5,3.44,clear sky
585,Presidencia Roque Saenz Pena,AR,2021-06-20 21:04:05,-26.7852,-60.4388,63.97,56,100,7.38,overcast clouds
586,Chumikan,RU,2021-06-20 21:04:05,54.7183,135.315,43.18,85,21,3.89,few clouds
587,Inhambane,MZ,2021-06-20 21:04:05,-23.865,35.3833,66.47,73,25,7.96,scattered clouds
588,Provost,CA,2021-06-20 21:04:06,52.3501,-110.2683,61.83,42,6,12.06,clear sky
589,Akureyri,IS,2021-06-20 21:04:06,65.6835,-18.0878,49.95,53,76,3.87,broken clouds
590,Mantua,IT,2021-06-20 21:04:06,45.1667,10.7833,81.64,82,75,5.32,broken clouds
591,Darhan,MN,2021-06-20 21:04:07,49.4867,105.9228,60.49,59,47,2.42,scattered clouds
592,Fare,PF,2021-06-20 21:04:07,-16.7,-151.0167,79.81,73,0,5.55,clear sky
593,Calama,CL,2021-06-20 21:04:07,-22.4667,-68.9333,60.8,22,100,16.04,overcast clouds
594,Ginda,IN,2021-06-20 21:04:08,30.6945,78.4932,63.95,86,44,2.59,scattered clouds
595,Dayong,CN,2021-06-20 21:04:08,25.0209,118.2898,79.41,93,100,1.32,light rain
596,Cayenne,GF,2021-06-20 21:00:07,4.9333,-52.3333,84.2,74,75,8.05,broken clouds
597,Juba,SS,2021-06-20 21:04:08,4.8517,31.5825,70.41,85,35,3.0,scattered clouds
598,Pedro Leopoldo,BR,2021-06-20 21:02:57,-19.6181,-44.0431,72.59,47,41,3.98,scattered clouds
599,Shache,CN,2021-06-20 21:04:09,38.4167,77.2406,74.28,22,100,9.69,overcast clouds
600,Dombasle-Sur-Meurthe,FR,2021-06-20 21:04:09,48.6252,6.3497,66.18,88,0,8.05,clear sky
601,Machico,PT,2021-06-20 21:04:10,32.7,-16.7667,70.72,82,40,16.11,scattered clouds
602,College,US,2021-06-20 21:04:10,64.8569,-147.8028,72.0,49,75,0.0,broken clouds
603,Policoro,IT,2021-06-20 21:04:10,40.2115,16.6726,82.89,59,11,3.83,few clouds
604,Havelock,US,2021-06-20 21:04:10,34.8791,-76.9013,84.06,83,93,10.0,overcast clouds
605,Loma Bonita,PA,2021-06-20 21:04:11,8.3833,-80.1667,79.79,94,75,4.61,broken clouds
606,Bodhan,IN,2021-06-20 21:04:11,18.6667,77.9,81.61,58,100,14.09,overcast clouds
607,San Jeronimo,PE,2021-06-20 21:04:12,-11.9472,-75.2829,59.56,51,86,8.48,overcast clouds
608,Palmer,US,2021-06-20 21:04:12,42.1584,-72.3287,88.63,49,40,1.99,scattered clouds
609,Shellbrook,CA,2021-06-20 21:04:12,53.2168,-106.4011,58.44,40,73,13.69,broken clouds
610,Pokrovka,KG,2021-06-20 21:04:12,42.3414,78.0056,51.48,50,0,7.67,clear sky
611,Morro Bay,US,2021-06-20 21:01:04,35.3658,-120.8499,100.18,57,21,8.01,few clouds
612,Atambua,ID,2021-06-20 21:04:13,-9.1061,124.8925,69.33,89,14,4.92,few clouds
613,Aykhal,RU,2021-06-20 21:04:13,66.0,111.5,64.24,71,68,4.54,broken clouds
614,San Quintin,MX,2021-06-20 21:04:14,30.4833,-115.95,69.91,70,4,12.73,clear sky
615,Nyurba,RU,2021-06-20 21:04:14,63.2842,118.3319,70.16,67,84,2.89,broken clouds
616,Muros,ES,2021-06-20 21:04:14,42.7762,-9.0603,60.1,90,99,16.6,overcast clouds
617,Noumea,NC,2021-06-20 21:04:15,-22.2763,166.4572,71.01,99,100,9.44,overcast clouds
618,Kudahuvadhoo,MV,2021-06-20 21:04:15,2.6708,72.8944,82.6,71,49,13.27,scattered clouds
619,Tumpat,MY,2021-06-20 21:04:15,6.1978,102.171,75.78,90,100,6.04,overcast clouds
620,Chara,RU,2021-06-20 21:04:16,56.9064,118.2631,60.04,71,30,0.43,scattered clouds
621,Blagoveshchenka,RU,2021-06-20 21:04:16,52.8333,79.8667,57.65,59,100,22.24,light rain
622,Srandakan,ID,2021-06-20 21:04:16,-7.9386,110.2506,57.72,88,98,2.62,overcast clouds
623,Lobito,AO,2021-06-20 21:04:17,-12.3481,13.5456,72.03,79,5,1.79,clear sky
624,Suruc,TR,2021-06-20 21:04:17,36.9761,38.425,79.0,47,0,7.65,clear sky
625,Vershino-Darasunskiy,RU,2021-06-20 21:04:17,52.35,115.5167,47.32,96,77,2.35,broken clouds
626,Belaya Gora,RU,2021-06-20 21:04:17,68.5333,146.4167,59.38,48,0,11.52,clear sky
627,Yulara,AU,2021-06-20 21:04:18,-25.2406,130.9889,44.11,72,94,7.85,overcast clouds
628,La Asuncion,VE,2021-06-20 21:04:18,11.0333,-63.8628,81.07,78,58,18.52,broken clouds
629,Igrim,RU,2021-06-20 21:04:18,63.1906,64.4162,40.71,71,9,7.54,clear sky
630,Hay River,CA,2021-06-20 21:01:09,60.8156,-115.7999,60.71,41,20,5.66,few clouds
631,Kesinga,IN,2021-06-20 21:04:19,20.2,83.2333,80.74,67,54,2.77,broken clouds
632,Strelka,RU,2021-06-20 21:04:19,58.0728,93.0344,52.86,91,100,8.97,overcast clouds
633,Tual,ID,2021-06-20 21:04:20,-5.6667,132.75,80.8,76,88,17.69,overcast clouds
634,Zheleznogorsk,RU,2021-06-20 21:04:20,52.331,35.3711,64.6,87,100,7.7,overcast clouds
635,Yatou,CN,2021-06-20 21:04:20,37.15,122.3833,68.4,61,83,2.48,light rain
636,Krasnovka,RU,2021-06-20 21:04:21,48.8177,40.0923,69.39,57,50,12.21,scattered clouds
637,Mayumba,GA,2021-06-20 21:04:21,-3.432,10.6554,74.46,87,11,7.83,few clouds
638,Iturama,BR,2021-06-20 21:04:21,-19.7281,-50.1956,73.15,51,12,6.24,few clouds
639,Luganville,VU,2021-06-20 21:04:22,-15.5333,167.1667,78.51,84,69,4.47,broken clouds
640,Ayan,RU,2021-06-20 21:04:22,56.45,138.1667,47.79,82,67,11.45,broken clouds
641,Kismayo,SO,2021-06-20 21:04:22,-0.3582,42.5454,76.08,82,94,15.08,overcast clouds
642,Lavrentiya,RU,2021-06-20 21:04:23,65.5833,-171.0,50.29,67,16,5.39,few clouds
643,Charqueada,BR,2021-06-20 21:04:23,-22.5097,-47.7781,63.07,63,45,6.22,scattered clouds
644,Juneau,US,2021-06-20 21:00:18,58.3019,-134.4197,61.84,78,100,5.99,overcast clouds
645,Bathsheba,BB,2021-06-20 21:04:23,13.2167,-59.5167,83.01,65,40,18.41,scattered clouds
646,Port Hedland,AU,2021-06-20 21:04:24,-20.3167,118.5667,64.45,68,40,5.75,scattered clouds
647,Saint-Francois,FR,2021-06-20 21:04:24,46.4154,3.9054,62.47,91,0,3.44,clear sky
648,Ostersund,SE,2021-06-20 21:04:24,63.1792,14.6357,52.25,93,90,9.22,light rain
649,Honningsvag,NO,2021-06-20 21:04:25,70.9821,25.9704,45.0,85,9,6.42,clear sky
650,Pokhara,NP,2021-06-20 21:04:25,28.2333,83.9833,70.47,93,97,0.89,overcast clouds
651,Carauari,BR,2021-06-20 21:04:25,-4.8828,-66.8958,76.84,95,86,2.28,overcast clouds
652,Filingue,NE,2021-06-20 21:04:26,14.3521,3.3168,96.01,34,64,8.95,broken clouds
653,Aswan,EG,2021-06-20 21:04:26,24.0934,32.907,89.73,16,0,10.11,clear sky
654,Kimberley,ZA,2021-06-20 21:04:26,-28.7323,24.7623,54.16,41,3,5.48,clear sky
655,Kaberamaido,UG,2021-06-20 21:04:27,1.7389,33.1594,66.15,92,100,4.0,light rain
656,Asfi,MA,2021-06-20 21:02:16,32.2994,-9.2372,66.02,77,0,12.37,clear sky
657,Sao Jose De Ribamar,BR,2021-06-20 21:04:27,-2.5619,-44.0542,84.58,79,6,9.15,clear sky
658,Atikokan,CA,2021-06-20 21:04:27,48.7555,-91.6216,63.3,71,100,8.68,overcast clouds
659,Roebourne,AU,2021-06-20 21:04:28,-20.7833,117.1333,69.89,55,87,8.77,overcast clouds
660,Heishan,CN,2021-06-20 21:04:28,41.6892,122.1128,64.71,63,44,4.41,scattered clouds
661,Tuatapere,NZ,2021-06-20 21:04:28,-46.1333,167.6833,39.24,94,33,3.67,scattered clouds
662,Pravia,ES,2021-06-20 21:04:29,43.4906,-6.1508,60.22,94,90,3.44,overcast clouds
663,Abalak,RU,2021-06-20 21:04:29,58.1286,68.5944,45.19,98,99,9.6,overcast clouds
664,Pasinler,TR,2021-06-20 21:04:30,39.9803,41.6764,59.99,47,1,5.95,clear sky
665,Vestmanna,FO,2021-06-20 21:04:30,62.1564,-7.1664,45.52,93,90,16.11,overcast clouds
666,Necochea,AR,2021-06-20 21:04:30,-38.5473,-58.7368,47.03,63,11,7.18,few clouds
667,Kropotkin,RU,2021-06-20 21:04:30,45.4375,40.5756,72.05,75,84,3.18,broken clouds
668,Velyka Lepetykha,UA,2021-06-20 21:04:31,47.1757,33.9436,69.35,76,0,5.82,clear sky
669,Vestmannaeyjar,IS,2021-06-20 21:04:31,63.4427,-20.2734,46.36,77,3,20.71,clear sky
670,Axim,GH,2021-06-20 21:04:32,4.8699,-2.2405,76.66,88,100,10.02,moderate rain
671,Nemuro,JP,2021-06-20 21:02:58,43.3236,145.575,47.61,97,100,19.75,overcast clouds
672,Manzanillo,CU,2021-06-20 21:04:32,20.3433,-77.1167,87.67,64,91,6.42,overcast clouds
673,Jacareacanga,BR,2021-06-20 21:04:32,-6.2222,-57.7528,82.67,67,75,0.63,broken clouds
674,Nhulunbuy,AU,2021-06-20 21:04:33,-12.2333,136.7667,72.21,83,9,6.91,clear sky
675,Shimoda,JP,2021-06-20 21:04:33,34.6667,138.95,73.17,81,100,4.56,overcast clouds
676,Konosha,RU,2021-06-20 21:04:33,60.9736,40.257,66.79,65,19,2.89,few clouds
677,Kodinar,IN,2021-06-20 21:04:34,20.7903,70.7031,83.16,77,24,13.85,few clouds
678,Sidi Ali,DZ,2021-06-20 21:04:34,36.0998,0.4206,67.39,61,0,4.09,clear sky
679,Bogota,CO,2021-06-20 21:00:39,4.6097,-74.0817,53.98,94,100,4.25,overcast clouds
680,Islahiye,TR,2021-06-20 21:04:34,37.025,36.6306,73.18,85,2,5.88,clear sky
681,Gizo,SB,2021-06-20 21:04:35,-8.103,156.8419,80.85,75,98,5.75,overcast clouds
682,Lakhdenpokhya,RU,2021-06-20 21:04:35,61.5198,30.1992,65.32,75,64,6.35,broken clouds
683,Faya,SA,2021-06-20 21:04:35,18.3851,42.4509,72.12,18,26,1.77,scattered clouds
684,Bridlington,GB,2021-06-20 21:04:36,54.0831,-0.1919,55.58,79,53,2.8,broken clouds
685,Athabasca,CA,2021-06-20 21:01:09,54.7169,-113.2854,65.55,38,8,4.54,clear sky
686,Nieuw Nickerie,SR,2021-06-20 21:04:36,5.95,-56.9833,80.47,77,96,8.72,moderate rain
687,Campo De Criptana,ES,2021-06-20 21:04:36,39.4046,-3.1249,63.25,66,50,12.41,scattered clouds
688,Den Helder,NL,2021-06-20 21:04:37,52.9599,4.7593,61.99,88,90,11.99,overcast clouds
689,Bhakkar,PK,2021-06-20 21:03:57,31.6253,71.0657,88.61,32,60,6.11,broken clouds
690,Marrakesh,MA,2021-06-20 21:00:10,31.6315,-8.0083,75.27,43,0,10.36,clear sky
691,Sharkan,RU,2021-06-20 21:04:37,57.2989,53.8712,59.16,60,3,2.55,clear sky
692,Pontes E Lacerda,BR,2021-06-20 21:04:38,-15.2261,-59.3353,81.5,43,16,3.24,few clouds
693,Medea,DZ,2021-06-20 21:04:38,36.2642,2.7539,61.25,63,6,4.18,clear sky
694,Los Llanos De Aridane,ES,2021-06-20 21:04:38,28.6585,-17.9182,67.75,91,0,13.8,clear sky
695,Bruntal,CZ,2021-06-20 21:03:52,49.9884,17.4647,71.91,81,89,2.62,overcast clouds
696,Harstad,NO,2021-06-20 21:04:39,68.799,16.5293,49.59,93,97,5.99,overcast clouds
697,Alice Springs,AU,2021-06-20 21:04:39,-23.7,133.8833,35.15,87,0,4.61,clear sky
698,Pasvalys,LT,2021-06-20 21:04:40,56.0594,24.4036,72.72,90,0,7.63,clear sky
699,Ishinomaki,JP,2021-06-20 21:04:40,38.4167,141.3,62.29,80,12,6.38,few clouds
700,Kushima,JP,2021-06-20 21:04:40,31.4583,131.2333,72.18,86,100,4.23,overcast clouds
701,Socastee,US,2021-06-20 21:04:40,33.6835,-78.9984,88.25,71,20,21.85,few clouds
702,Tatawin,TN,2021-06-20 21:04:41,32.9297,10.4518,90.27,19,0,9.71,clear sky
703,Kazachinskoye,RU,2021-06-20 21:04:41,57.6953,93.2761,52.9,94,100,8.7,light rain
704,Nawashahr,IN,2021-06-20 21:04:41,31.1167,76.1333,84.0,60,17,8.77,few clouds
705,Buala,SB,2021-06-20 21:04:42,-8.145,159.5921,81.0,78,97,5.44,overcast clouds
706,Lixourion,GR,2021-06-20 21:04:42,38.2019,20.4314,72.01,81,0,5.77,clear sky
707,Kirkwood,US,2021-06-20 21:04:42,38.5834,-90.4068,93.92,54,75,1.99,broken clouds
708,Champerico,GT,2021-06-20 21:04:43,14.3,-91.9167,90.77,72,100,3.83,overcast clouds
709,Erenhot,CN,2021-06-20 21:04:43,43.6475,111.9767,62.8,44,4,7.81,clear sky
710,Cap Malheureux,MU,2021-06-20 21:01:16,-19.9842,57.6142,67.46,74,80,1.99,broken clouds
711,Wattegama,LK,2021-06-20 21:04:43,6.7989,81.4808,74.5,82,10,1.9,clear sky
712,Rio Cuarto,AR,2021-06-20 21:04:44,-33.1307,-64.3499,51.57,62,75,12.66,broken clouds
713,Bosaso,SO,2021-06-20 21:04:44,11.2842,49.1816,93.4,38,37,16.75,scattered clouds
714,Chernyshevskiy,RU,2021-06-20 21:04:44,63.0128,112.4714,63.19,78,64,2.26,broken clouds
715,Vazante,BR,2021-06-20 21:04:45,-17.9869,-46.9078,74.28,44,54,2.08,broken clouds
716,Pangody,RU,2021-06-20 21:04:45,65.85,74.4859,43.52,67,95,14.74,overcast clouds
717,La Ronge,CA,2021-06-20 21:04:46,55.1001,-105.2842,52.63,41,99,9.04,overcast clouds
718,Tocopilla,CL,2021-06-20 21:04:46,-22.092,-70.1979,64.26,76,100,10.09,overcast clouds
719,Glace Bay,CA,2021-06-20 21:04:46,46.1969,-59.957,76.8,65,61,3.09,broken clouds
720,Saint-Louis,SN,2021-06-20 21:04:47,16.3333,-15.0,88.84,23,61,20.74,broken clouds
721,Pereira Barreto,BR,2021-06-20 21:04:47,-20.6383,-51.1092,70.41,58,84,8.23,broken clouds
722,Morgan City,US,2021-06-20 21:04:47,29.6994,-91.2068,84.06,83,90,21.85,overcast clouds
